Apple 정품 아이폰 14 자급제 퍼플 128GB MPV03KH/A,"1,090,000원
배송비
무료",https://adcr.naver.com/adcr?x=WYvFXq9fZ/5zsi79C2Vkkf///w==kfaiKUvcbxJGP2cz3DlvFfjul7HtM0ENtPi31U05PnuMtteQ8uMceKSRQ5teuv8bK2wbFYeZ9LH9VVvUK1TigLtmR8wS9G7jnQYphUnwyYBCHeoIXrG6CvL0vrqmud/vq/1Hrft6HDCfhDCbXEgsUByf0fbmRsGIOkZ2frCI5SRMA0UNiOhrkjr5R/UoAyKHh6LR1DIV2iBMdfSlkg6+OpH9jwiXf/AMnCNHnxHiB6W33YDLcjUHc2LwTye+DBuftWuMr4VLlE7BdqVrgMMLJKdBacjthimT8qcP19tH8LKPgMrPLZfzv8DHHYO4WvKiwT7yDCZqwrCo8QL3ChQovGPEav0YfaQDJrQ4YiSm8Xy+jIGNTjtJu/c4cbmxDivICSLBusJTGFNU2tPvP7NxDETMn86RXiIHHTcgqHrC1j7sBnQTqjzmAi1zo8M9TCixp/DOCfPuxWVLfRJVCUeBLG7dgQI7TwdYkHKQr9I4A7dRcxT6VunQSU4zKSeJdx66xQr6ECD0yFpo66QVO1cPHeGl/TPRd6/9rtrRm9WmgQwD0u7S6iRMBbVozpMfXCwdqErkgoqIWjoQeFX8dPKpu8m0v++c2uec9ZA/uaK9k+JCprCet97X3kE1JO8Ot4d5i5N/foNDPbo2hWvlC2Sghmi4gf0X+pjCncbRHoKFHtgEbTQcbHfcUkyZhF1kMgM6Qf/heOSY0UuvksK07ECS5ex55/ix5011HldYHPqQQXqFEMppsNdkgpNzzj5m2RmUbzocZMlTztYGlJPfTZ8jVTGIbN5iY/hoc3/nfdo0Jucwj6NNrUsvsijYzMpGoA29UFsv2Ornd/J8xJs4/GTR4oQ==,찜하기54
Apple 정품 아이폰 14 자급제 스타라이트 128GB MPUR3KH/A,"1,067,700원
배송비
무료",https://adcr.naver.com/adcr?x=HT7INBqv6fNtFjiAnAGe4v///w==kO/HuiSqEN+Cu3SGKjpHsa6uE/mn2jBa1oOv+7y9T4af7XZ8+dqhR118fxAr3y+hdMZg/CclX6yT1o/a1NpoCB/s9UWy/0kRMTF2VtATpRQfVsoZ4SzNeE8eFTcc2BVsdTMyqMhzPJSl0KM7/AuOOhXDY4WI+5EWvMMLv823vkYHHxoZmtzqHWfViy6zmc1Dt+z/pIZWA+P6dxj3DU66GdFy6ZeQOwY2rJGXWqIoL2l5prIDibTpsM97r+4Zy397fSU9JiSnBn8/n2tBgLheW4+GL4EPb3yFC0DRdMRc/Xy2A9HQpwSNjhLciFrVisOpusyrRie43HQ0z0VMDRRuk/krbzBn8fV9leUVlL2Oytu/1t2+V9xq2xy99lTH3aKTfbcTbn1+Cvyw7A0IEYth2xb5CUScNPflPemP3avexAA1f1iCEr4LQ43pXwG4KqxxvI3OhYNj2dDQLENt/bfVVZLOMe+dAzwhPcxzR/EjcEjBBW6hO2P4jo6Pj1DemWJAJzaBd6u9Cru2xUDl1gJLu6QMWVK2oMHRCNMKcnT9Nmnbdvk4W6xh8bCtizfWbpbsKHlSVIj+ubfOvuLUzNBnJs51gwTGQ5QzSlfr8ob5i1RDEBXGCGA3Q5wK5fiChhsQTd3YocUw2IHRL2GyptbZe4Ih91M5LDwmUGm3DLPKn12nmxUpnzaF72cFDJKgzR6ejIKrHtZtunLMTO2Jm5BSGm4yt8r1kGLgcnO9vQmY4MuMwWoRFSLDxWhV+/GEPYlw8nOqBXN2HOLCxkjcd8TPqehHnw2M5+G9JDK24MzwixEWMxkZ37Y7W6SeBcIA0qurXzFlD9PCkYeMgv/4OF5vBCr701WUOYaSEWdENsq96eN2VFKAYl2F4awCwUUK29wlUD688CK+l0nX6dxNLCQTsnJjmOjwNkr8Lb1M8WWyH7oNz3sJ6EcPm8cBH4n/9ZHrK,찜하기43
Apple 정품 아이폰 14 Pro Max 자급제 스페이스블랙 128GB MQ9P3KH/A,"1,516,000원
배송비
무료",https://adcr.naver.com/adcr?x=67spMwjLStUxaoHPCubtA////w==kbfPE6oVqDnPg07QO8Wdja/WtQwt7cXz7F2D9HQ64J5or/huQeX5ZG63aiKytXYsjiFCE1CT+uSMg5Wb895vR/0ja1HR/Kx4MwT12d3bFqeAijtGCmKltiU4yP8bEVdtp1jMwbL0NJW8EAIBPSGwAnA8l456Txy4oL0GaennYGySo0Zz+YbUhn+/08vIBWZCZc2COIisbzMeto8Ph5xsp5SgDpCK8Fw87wnPO1mfxhsAJq0BQLTcVByYwnedPmruPOEdwypDUJr0wVoltsOm8AJ8AwCM/mIW9g8Lj6mDMomeBem57UEADiC6iT69xcgSOHhq2H3exG/YUap80p/+6jSprNopxhidI13CiI8DFXAki6YZk4mgvUCEouDIRhjw032iqvGomnG01IFdn31OjzPEQuyha90Q1weQ4QJtfXMqGAHjnE4FcQCJcD003MOJx8auPgpifqVAuMe+0w2HFo2Zx9ihYHiFsq94s/MDDkQwvPQh6zN40wlaDmIactJ/MWU62d7iGB2slZD0RUTJ1eqNpMrUdokV9TSidMoTPZlsfDaFv/yMr+GIWLIOSbQ3PLIKscmz8krQ7ffy3+KzDmliAA/i7meweA7BpyQbgOClRIBk4dp6avjAPd2qow8r0o1kmc3+qksQrbdiloC3xz9kLggEEuI1tjDAT/zRkV2542g1bQrC1EH+t9wjzEuVYcVDtdkk+FPby/Tps/bA7T7byJUPy3m5qOjImMX/dEhhIO0uzILbYXvWA3eTs1OssiA10X8+k30jr7OZzdjASXLT+sPnMNClgkod9YcxCQwnj2yiYbJbK4JlOFPNifNm59UeetDcznqvrgXyumokrQM3x1viqE6Q9eNBFprqB3NZftQOJIzZfmCOZmZwIos7Qalilqtf/2DZhBle8a5x0bvhwlWzcITyKNPQtS/iFyR0Oc6VjtgMHumPmxMSiD7q4,찜하기32
Apple 정품 아이폰 14 자급제 스타라이트 256GB MPW43KH/A,"1,240,000원
배송비
무료",https://adcr.naver.com/adcr?x=V8T1n82iJMkiPoaZ0AqaGP///w==ka50vHyz0XsgztJvNjfbY3SXWwAWzx5ShUA3VkYlozjwbx3YbrLzMgxkCDH5/KDfWG2mwtBLInNZ1GXQ+7gVFmAjqVj1svoRhwNx0eES0o9YO0ZDS+Az/cqIZ87M5W4NCfaIt4Gn098n4K15jFbf3mD3nC7pN7He52yjCnRKG9nxvBAbxNkI4DdSoM+F2Ye2+jChVKZvoKc4QPv95UDzeohbG2wklvIazk+cK1+5aAanJBg2M/XcngeIDIblHxc2Os7VRg88/5zI/xzh7j1mUyWEpvA0Xehq7AIQqLELeBdRSHfCobbC40HNwNfr6DYu+t2b2czU0P0mkVtQJPcRF67KtqdVRVjbH6zADQgXv1OU5Qft2LEwlLJgzNhKJcX3C/g3oye+gQBrobPMeEQpjdIP/lAdDLHaZd61gdnQUAfBRlhaN4qryln7pnXC37oCJEVXXv7dCZacYNEVWnmRbhKQ175oK8sgRmXDimZQe4Vbqpl/UJS9JKN2Y6fso+d35T3CC8Kv4vbhKZEtUCWBrUlBCMDZY033by/++nzw6Ez1PU8hyHY5kIcTrE3vITgzyJLExVbReYbR5MqTxni7/lKNAYlO/VXmItmBF/Vl0arQ9M5tv3ynuB08Zn6hBW+ybCWyopI4qks4STmNbR08ArtLAJORJ6GWlFHtMei0Q6A5LLIXF8wYpNEB3DWpJD2k/AT1rrgnBgabEMZbzVYldfIPCW2hZ6t04CJlXd4PTEo9uy/pn9a1coT4jB7IZXmMqtckQ2EBos2YWnCQxP6On85a/vcJc92EhIc+0nEdl56GSDf2s7APBql/97bjsw4nvNyRSYzONIB29dxw6AzwAMQ==,찜하기43
Apple 정품 아이폰 14 자급제 스타라이트 512GB MPX33KH/A,"1,540,000원
배송비
무료",https://adcr.naver.com/adcr?x=FBBB8xQU8QCSKT7soCV8Iv///w==kfX4HXm1YkdLrqFzNtK8sySlGCXeTPUoYWCi/9G/sx/Tl4VvTeD7RpDr1if03HwBUw2zOcrq1EUsUYVpVtOuI9x5DGmOqwkiNfypYg7ICUim3AC8FpH9y/zrRdYKayX7AiW+fXK3zwlutup04ubvhFo+H7Fjh5eTAZTLFdAy4/RZwKZreA1QiFaAP0L0ml0JXCHoSXBkmAn6RbnDRSNsMkQdFc0uwcnBIiRBcw3ItssQUV7vo6B3TNy+4l0uxYbMeL5LQ2BQFQF2csKpp2QcPmUkDILlhfl/wrtn6lia0hHuyGW7rxVADlOqb4hOzOXcXM9CUv6XOr009AjHWwX8/cG6cVkGwXC2Zfowr37eeqdF2EXM1nNs6FtVjD7VKIZi8WUbT9fSCZOg8cPMzNUwfy0WHQCFW/f92LOhjQPj58QtRlswc9cl3xeqJkBcjSg4BQMwr8/VFjJ8vLal1i8hQ+SJvd3Tzqu02pyD9uSMvrEQEz3vvz2Yc0F3UYHk8+HDRRPGp18jcfswEVzaek7ClndCGzdaKyInMmyGdXIbGjCQslAWBAls2Has19v2s/Y9EH5QYluu3gdNrqJos41U6886JC0dh24U2S2Lbz6rB1Ob5pwHFJ7IBryUSy54w/ENQs2SwxUIFKcWbJjuHdF1qYzRMHQg2pVv9HEwNUZNB+FkGrP/cxQsXpGJrWykNngbsJjPeRuhnrRkR4h+szZND/uLzngdfOC+4P6aCBmcPXuHv1A37gdrhG6mwHXB/L2W107a8wtt/SCeko8zPstuVSy0lHJAaNSf2l8yG4HHXiRL5je8Owod/nNI/5RGNaj+GLIqorFX6uVOpYQ0LRmRtQCvs/n1t0j0g3jcPsslFBFM+YG/xK5eEYnBWkaV+rPJnY1CEN1ezMOGgWtwJOLfDPLw+ADxaZzynQ3zqKLVzSM3AQMqXUpx9mmTIDn1kEGxQ,찜하기5
Apple 정품 아이폰 14 자급제 퍼플 256GB MPWA3KH/A,"1,240,000원
배송비
무료",https://adcr.naver.com/adcr?x=u4vEdfoyY+S7ipj7EFovWP///w==kbfPE6oVqDnPg07QO8Wdja+K4zQpKL5ahYWdiPJOmT+0r/huQeX5ZG63aiKytXYsjiFCE1CT+uSMg5Wb895vR/8uLLn6h94pCDMU6Zaxmzue6WZMHyqgLa2jsELfGUj6LPFnfBf/gt5L9cDPgbrQ5ig8l456Txy4oL0GaennYGyRFUmkYmnvWRAv8Hq3ZbUV0c2COIisbzMeto8Ph5xsp5SgDpCK8Fw87wnPO1mfxhsAJNUvlTgLsu/kYo8Unz+CzZnBdTutfUQ5EAMJBv0EvR8ar0b6j+ZP6XYv/0pp6uW+4B7dwUi4BGopAHCAA2znVXm18CmQCjoRydmjzWdTVAw19zI6Dm+PwVDnX1El9ePkLLgoQULRwpbRiF3X1P6PqSOj20ZuhM2N99ZtA/ONPdvV9rZDjMIYoh3YWA8c8LgMSh3w0qL7Hperlel9pReIi22QofihdnnImy2nXUVZspFKOWgriZGaqbtxOQo8H4q/a0NEq9+bVppW/ydciDW6avnsrGgbE/mgG6i+53HSWC8bTbVhh4+A/t1ellxnfs31vt7Vcs+LVP3U+lBrQfLB/qK0XAD/waSHtwBOdx/VaiT5Uq8r7cXBE1kSo4EhN7uvZUnhir+avRp0qBUtg5thwpoBomXjmSEJysfnWZC7nssrW1sZ+/q5odBkA8Rk1VoLGImqtGA7nkmyaYuu1Bsiqj1fgWWWnWmqj+0pcwoIqS7WHa6V9Ycy0Lr6obzXHPcHMpv4fIwUh29tw9EdWQBwp54+urXaYqHiCXLyGLF4WkESTH3ZU9YyM2jKZxmgyL+BubUIxnsCyTwJK1u8BfP6ZBWXYCKTYO0VPsZ7EjpJ+i+XVZXrostB9uLXxozOkU3+kDm1/2p4IfF/WlVhtPIl+riY1q/e7DYZdg+HrI9kLLLES5exPSSxzUZTY/pGNAFNvEJDrCfKYt8zdVPps8qe+,찜하기38
Apple 정품 아이폰 14 자급제 미드나이트 256GB MPVX3KH/A,"1,240,000원
배송비
무료",https://adcr.naver.com/adcr?x=bBXUJ22Ea3Z9o+1l2K011////w==keTJXNMMQhbH8cXD4MDZvua7w+7Nec7ifJq4tcfugtv7AXnZBsDobXErH3LAkanoQmW0Wh0M8+ZMbrDBmNXb/naU8Pj/D9pqViwEh8CKu4WJG6TggXvQSsrdN7Cnkhss5CpnWmN2uKgZizSJ4D521AXj+PtiCm/qOBf067S+B247Uh/qJyrQNku1TzUTF0BhPi36TJy145SAnIIPxxYC8jkrm3qo9LTAMZ797iC8PIKlHw7/DH5O16Q/maG1nFZTt24YWXRfCAZw42dzckHOMJion/RoQrDrsJA280oIAlcLTzRay77eKOz4NkYrehez3pMV6GvsL7g7e1ZAXiUMQKaWVoUhUgJh24ML9iAH1/GodulOcfHw5fMxFXnln2DvOg3X3U3+zslQHzo2enrVf4+ehsqZD2ckXiJVAnrhA87lagzssoWaog5IFWLzd6yuqYOKtqI2nWaRIXHIBNm1YK9G4xXpObB9ncZ2X+tCwfho1Qmi/4k7hTtIenqXKaw2AYUnpbt4E/wevxivhfuntTMbzEYAqTkUFkLLDzxPfCIhNMJ8nUzL01A7TuKBo/WdHoZM4tuknTVMmZz9hpT6QONqwPo0gwKMrWFjYU7ax/Lk/CO2v5vccR+R1KG3aKiaR7XBF+nOuYay6kvqkM0LfJkJQqjg7LxhveMJejRwE8gjLSHcDJs5giZm0EboqqWTD9WMOwhyv+aiWKIpRZUZNefISVREZ5ousodcqTZhaQp573FcJhHk9wBN+kmcpibJIwPVkiMgvAreW7XLLN6aVpGugQyQ+wrrDGLz6wQDBUMOXMWb85eBb1wq5PaFfdvrxDGrdXud57eWWnU53ze/f+3e6dz42IKr/3XlWq1WPk/rcOOtyaov93HZe3XPUAqGLuAqjvHZHwZFWF+6fgmp7INX2WXIaln2NMErW79KTX4BKXWhQC8vriR54x34oI6eF,찜하기20
Apple 정품 아이폰 14 Plus 자급제 스타라이트 128GB MQ4Y3KH/A,"1,205,000원
배송비
무료",https://adcr.naver.com/adcr?x=IGM5gjFlOm5+3qQnW6Usg////w==kFC6xQhNkkSBSV45KyKpd19mAsn5OebftVVOxUEs4uM63mHPFRXWJtz2IUFRMK4WigPqZou0Aq/VmsDfzMNWDH2WTx5A9nV188i8zgu9OqnHzzGMSJ95x/DVDDZYo/8fyAYAmOoAJOPyKpDTsPE2lZxOJ05dQkvmG5QmlH1HaJUoGUpKBc02vm0kzsxJy4OBoYbHx7VX/++AVEBLZZtfA0fZkkMS6oIyjqCBv88lAXDQ0QTpW1/vFb5VEE/+y6DRflNfEw/Eiysy8m59UDzfSQApIMBisz3JRmENYgF2nuJ0UY/MiXzfZ91ZDS7dc5Q/ReBrF9muyKoK0Hn3sOjNhio2UG/4W0YeRy0MFszDTuLsU+2/ULQurApDGFme3awhi7bpSiFU/JPJ+VL8OQ5MDsUHB/G9bIC2uZVKZsjIbQynyNtas2t8662d5pAbbKs4A8mQ2XiVkuBymMBghv6IHScoFdWsoq6bierqgT04tn8vfOFvW7u4SO92ST1gwcPrk4bqN53MvLWsapc1NwEoj7Aloe8zD/nNytlho3x3wcb1Vdi+ynaRdYpRnERQUfGy8qpLsKsa5X7nlNEITHkKurzFvTOSRahF53Yr+g8N3ioCRyrvMcjI4naw44Tql2MQDOgYvrcUSqRwvampx9wbjhgDW04zrK2oIgvUdS4bPziXUDhuHk/gyJy9nxRfl3yPZkphnh5SVy0snn/YyX3IUdotlUWBFIaEgOCiYYgHNud9fSpTQIIy20YXw0phiBsduWAb70N9a8U8aku3xaPHRa9A2j1oWnC7LRevfKwZrIDQAuxsPPah/8tYMYRnbnzEgwSXpkI0wBqeSkpuVsET47ssSbumzrZHBC2za9E0irxiUjcqGT8aTtjM5qMIHlDUeNSX8Ps0yU9cM428U+oVEvDCFgyHgZUh946vsGeSWQmVo22wbBhOE/kEA3V8y76St,찜하기1
